Time,Kappa Coefficient
1200D,0.6996212109329327
1500D,0.8057039860004638
1800D,0.6028575744525184
