Time,Kappa Coefficient
1200D,0.6979625371674871
1500D,0.8091683165519379
1800D,0.6087281100649717
