Time,mask,Kappa Coefficient
1200D,non_building,0.49471409177159686
1500D,non_building,0.6967317026332103
1800D,non_building,0.4682627574885794
