Time,mask,Kappa Coefficient
1200D,pedestrian,0.5713502701625701
1500D,pedestrian,0.833603534869741
1800D,pedestrian,0.5488013004185095
