{
  "left": 685771.0,
  "bottom": 7464738.273937581,
  "right": 687874.0,
  "top": 7466525.273937581
}