Time,Kappa Coefficient,Weighted Kappa Coefficient
1200D,0.7020135973010022,0.6241005215559028
1500D,0.7134287428950865,0.6477137710843708
1800D,0.5954233211332328,0.5691727103027944
