Time,Kappa Coefficient
1200D,0.7020135973010022
1500D,0.7134287428950865
1800D,0.5954233211332328
