Time,Kappa Coefficient
1200D,0.6326454699850981
1500D,0.6904838511683333
1800D,0.6401286091410678
