City,CRS,Tallest Building (m),Tallest Building (pixel),Tallest Building (coords),Lowest Building (m),Lowest Building (pixel),Lowest Building (coords),Tallest Building (ground) (m),Tallest Building (ground) (pixel),Tallest Building (ground) (coords),Lowest Building (ground) (m),Lowest Building (ground) (pixel),Lowest Building (ground) (coords),Highest Ground (m),Highest Ground (pixel),Highest Ground (coords),Lowest Ground (m),Lowest Ground (pixel),Lowest Ground (coords)
Monterrey1,EPSG:32614,158.98999,"3286,837","364836.43,2840013.86",2.2399902,"2776,1042","365041.43,2840523.86",730.14,"3271,832","364831.43,2840028.86",542.43,"1,2597","366596.43,2843298.86",655.67,"2765,909","364908.43,2840534.86",542.43,"1,2597","366596.43,2843298.86"
Monterrey2,EPSG:32614,44.609985,"305,138","359337.46,2847802.62",2.5100098,"503,113","359312.46,2847604.62",703.82,"321,106","359305.46,2847786.62",624.05,"0,1000","360199.46,2848107.62",694.09,"1016,0","359199.46,2847091.62",624.05,"0,1000","360199.46,2848107.62"
Monterrey3,EPSG:32614,26.190002,"193,451","364452.04,2849488.62",2.669983,"106,575","364576.04,2849575.62",824.82,"0,1010","365011.04,2849681.62",541.86,"1093,294","364295.04,2848588.62",824.82,"0,1010","365011.04,2849681.62",541.86,"1093,294","364295.04,2848588.62"
RiodeJaneiro,EPSG:32723,438.3,"1191,2060","687731.18,7465459.81",1.9699998,"1525,1878","687549.18,7465125.81",444.58,"1163,2058","687729.18,7465487.81",0.0,"346,2007","687678.18,7466304.81",68.78,"2038,555","686226.18,7464612.81",0.0,"345,1809","687480.18,7466305.81"
CapeTown,EPSG:32734,429.47,"885,1050","261717.97,6243972.10",0.39999962,"1279,1147","261814.97,6243578.10",437.26,"886,1051","261718.97,6243971.10",0.0,"234,1946","262613.97,6244623.10",163.31,"606,61","260728.97,6244251.10",0.0,"234,1774","262441.97,6244623.10"
Amsterdam,EPSG:32631,71.53,"2223,1358","629475.13,5802631.75",0.96,"242,2309","630426.13,5804612.75",74.79,"2183,1231","629348.13,5802671.75",-1.5,"1482,1340","629457.13,5803372.75",14.26,"603,810","628927.13,5804251.75",-1.5,"1465,1341","629458.13,5803389.75"
Bhopal,EPSG:32643,35.50995,"1938,1918","745722.43,2571100.98",2.369995,"435,449","744253.43,2572603.98",600.84,"1116,79","743883.43,2571922.98",500.16,"3174,3354","747158.43,2569864.98",594.24,"1289,7","743811.43,2571749.98",500.16,"3173,3367","747171.43,2569865.98"
