Time,mask,Kappa Coefficient
1200D,pedestrian,0.6236167896665883
1500D,pedestrian,0.6826490333145039
1800D,pedestrian,0.5937966044536083
