Class,User Accuracy,Producer Accuracy
Building Shade,0.1853746733729878,0.2331509281825018
Tree Shade,0.8316737840712197,0.8348485508403626
No Shade,0.9364069328463016,0.9186496850208915
