City,User Accuracy,Producer Accuracy,Kappa
Monterrey1,0.9586404307704626,0.48901196522548906,-0.04132546738895382
