City,MAE,R²,STD,% Local Valid Pixels,% Global Valid Pixels
Monterrey1,2.8356516361236572,-0.2846418619155884,4.407181,99.84799333636226,99.84799333636226
