City,MAE,R²,STD,% Local Valid Pixels,% Global Valid Pixels
Monterrey1,3.0007245540618896,-0.16897952556610107,5.2062936,238100.0,238100.0
