Time,mask,Kappa Coefficient
1200D,pedestrian,0.5928271236934186
1500D,pedestrian,0.8218041408289906
1800D,pedestrian,0.54629651352232
