Time,mask,Kappa Coefficient
1200D,non_building,0.7491054955154123
1500D,non_building,0.8246884438659836
1800D,non_building,0.6925544907740067
