City,User Accuracy,Producer Accuracy,Kappa
RiodeJaneiro,0.9523809523809523,0.7468879668049793,-0.06694305572491155
