Time,mask,Kappa Coefficient
1200D,non_building,0.5932554391239214
1500D,non_building,0.8295608686850776
1800D,non_building,0.5243602046320446
