City,MAE,R²,STD,% Local Valid Pixels,% Global Valid Pixels
RiodeJaneiro,3.0863165855407715,0.8757509589195251,6.488311,93.0564374170835,93.0564374170835
