City,MAE,R²,Mean_Bias,RMSE,STD,% Overestimation,% Underestimation,Mean_Overestimation,Mean_Underestimation,% Valid Pixels,Filter_Type
Monterrey2,1.39001491248099,-0.427644824584005,1.015279096441309,2.985185341515306,2.8072299299357675,26.22400077399252,7.902063257207388,4.586054640655238,-2.371126399791148,98.28316892391481,Z-score (±3)
