City,MAE,R²,Mean_Bias,RMSE,STD,% Overestimation,% Underestimation,Mean_Overestimation,Mean_Underestimation,% Valid Pixels,Filter_Type
Monterrey2,1.5865434565180714,-0.8554094687061549,1.1988351992830582,3.419673077382624,3.20264861031233,27.38830843283423,7.868699802118496,5.084977523587953,-2.4636106789245535,100.0,None (all finite data)
