{
  "left": 364100.5417190776,
  "bottom": 2848799.5011,
  "right": 364900.5003,
  "top": 2849583.11784259
}