Time,Kappa Coefficient
1200D,0.4795678034353221
1500D,0.705815430050281
1800D,0.4513098300003162
