Time,mask,Kappa Coefficient
1200D,non_building,0.696142084104094
1500D,non_building,0.7083781729131909
1800D,non_building,0.7068484189900841
