{
  "left": 364099.591,
  "bottom": 2840000.3360464363,
  "right": 366500.591,
  "top": 2843200.3360464363
}