Time,Kappa Coefficient
1200D,0.6208088870521868
1500D,0.8302439838031461
1800D,0.5251579131030868
