Time,mask,Kappa Coefficient
1200D,non_building,0.7195183523437957
1500D,non_building,0.7413761796844957
1800D,non_building,0.6731204188867677
